model_outcome,estimate_min,estimate_max,p_value_min,p_value_max,omissions_with_p_below_0_05,total_omissions
Transfer suture-completion score,0.18182773892946508,0.34709034896261803,0.0003082472510539607,0.012819315566853066,22,22
Transfer mean active suture duration,-10.230150463899477,-7.1057679414978505,0.0005288443863735509,0.022174569138183987,22,22
